,0
0,-2.2608641212547024e-09
1,-2.2606832506601624e-09
2,-2.260454741210258e-09
3,-2.2602739671292914e-09
4,-2.260045465680111e-09
5,-2.2598647918137342e-09
6,-2.2596362952894264e-09
7,-2.259455723504116e-09
8,-2.2592272273431705e-09
9,-2.2590467572475834e-09
10,-2.2588182705364115e-09
11,-2.2586378979278622e-09
12,-2.2584094151517118e-09
13,-2.258229142957487e-09
14,-2.258000666323189e-09
15,-2.257820499752664e-09
16,-2.2575920198721536e-09
17,-2.2574119529302838e-09
18,-2.2571834817797656e-09
19,-2.257003519209687e-09
20,-2.2567750449907706e-09
21,-2.2565951869856655e-09
22,-2.256366716395281e-09
23,-2.2561869600257397e-09
24,-2.255958487838402e-09
25,-2.255778841756227e-09
26,-2.255550373669524e-09
27,-2.255370825906599e-09
28,-2.2551423566551425e-09
29,-2.254962911955144e-09
30,-2.254734446100347e-09
31,-2.254555102743645e-09
32,-2.2543266382423354e-09
33,-2.254147409039066e-09
34,-2.2539189403387104e-09
35,-2.253739811447715e-09
36,-2.2535113384431623e-09
37,-2.25333232006143e-09
38,-2.253103844614129e-09
39,-2.2529249309168114e-09
40,-2.252696458586306e-09
41,-2.2525176498656697e-09
42,-2.252289173855405e-09
43,-2.252110470738045e-09
44,-2.2518819919884515e-09
45,-2.251703398362273e-09
46,-2.2514749146333567e-09
47,-2.251296428534455e-09
48,-2.2510679430260534e-09
49,-2.250889562892796e-09
50,-2.2506610747507565e-09
51,-2.2504828051030355e-09
52,-2.2502543099961992e-09
53,-2.250076147415246e-09
54,-2.2498476510444356e-09
55,-2.2496696014295133e-09
56,-2.2494410927532936e-09
57,-2.2492631506796686e-09
58,-2.2490346431293777e-09
59,-2.2488568128635004e-09
60,-2.2486282952316175e-09
61,-2.2484505735704146e-09
62,-2.2482220506194885e-09
63,-2.248044444982874e-09
64,-2.24781591409868e-09
65,-2.247638415845905e-09
66,-2.247409878216923e-09
67,-2.247232494185525e-09
68,-2.247003948728965e-09
69,-2.246826675674888e-09
70,-2.2465981186872643e-09
71,-2.2464209628742966e-09
72,-2.2461923973818125e-09
73,-2.246015354524091e-09
74,-2.2457867794029742e-09
75,-2.245609847835332e-09
76,-2.245381261342766e-09
77,-2.2452044470183897e-09
78,-2.244975852713345e-09
79,-2.244799151542654e-09
80,-2.244570544748859e-09
81,-2.2443939598508058e-09
82,-2.2441653407925834e-09
83,-2.2439888754327928e-09
84,-2.2437602427081243e-09
85,-2.243583892391509e-09
86,-2.243355246336879e-09
87,-2.2431790160848225e-09
88,-2.2429503591548426e-09
89,-2.2427742439330196e-09
90,-2.2425455660719804e-09
91,-2.242369572390071e-09
92,-2.242140882631286e-09
93,-2.2419650058389024e-09
94,-2.2417363030089905e-09
95,-2.2415605464494083e-09
96,-2.2413318236978902e-09
97,-2.2411561855722113e-09
98,-2.2409274528253794e-09
99,-2.240751933422635e-09
100,-2.2405231811812736e-09
101,-2.240347784319269e-09
102,-2.240119009641296e-09
103,-2.239943738973906e-09
104,-2.239714953148807e-09
105,-2.2395397970543774e-09
106,-2.239310990306847e-09
107,-2.2391359556250707e-09
108,-2.238907131477411e-09
109,-2.238732223633022e-09
110,-2.238503371900107e-09
111,-2.238328598095167e-09
112,-2.23809972215694e-09
113,-2.2379250635936145e-09
114,-2.237696175198992e-09
115,-2.237521641803573e-09
116,-2.2372927302659367e-09
117,-2.23711832172998e-09
118,-2.2368893870568803e-09
119,-2.2367151046529875e-09
120,-2.2364861453442644e-09
121,-2.236311990677477e-09
122,-2.2360830053507937e-09
123,-2.2359089833582395e-09
124,-2.2356799703566525e-09
125,-2.23550607682203e-09
126,-2.2352770406772953e-09
127,-2.23510326391141e-09
128,-2.2348742089537424e-09
129,-2.234700569019479e-09
130,-2.234471481704301e-09
131,-2.234297974096867e-09
132,-2.23406885520823e-09
133,-2.233895476107664e-09
134,-2.233666333235881e-09
135,-2.233493090353285e-09
136,-2.23326391654003e-09
137,-2.2330907976476448e-09
138,-2.2328615972348615e-09
139,-2.2326886188419952e-09
140,-2.2324593813986657e-09
141,-2.2322865369007323e-09
142,-2.2320572688545723e-09
143,-2.2318845603740126e-09
144,-2.2316552618803223e-09
145,-2.231482684451833e-09
146,-2.231253350230395e-09
147,-2.2310809149363945e-09
148,-2.230851547743793e-09
149,-2.23067924996409e-09
150,-2.230449841452922e-09
151,-2.2302776830942625e-09
152,-2.2300482440794837e-09
153,-2.2298762185372815e-09
154,-2.229646743117472e-09
155,-2.229474860770978e-09
156,-2.229245344839302e-09
157,-2.2290736045712163e-09
158,-2.2288440580151402e-09
159,-2.2286724564002226e-09
160,-2.2284428707774377e-09
161,-2.2282714095110524e-09
162,-2.2280417828112794e-09
163,-2.2278704632048534e-09
164,-2.2276407961830253e-09
165,-2.2274696248087904e-09
166,-2.227239909287904e-09
167,-2.227068886529797e-09
168,-2.226839129681716e-09
169,-2.226668250738363e-09
170,-2.2264384468762847e-09
171,-2.2262677152505748e-09
172,-2.2260378763202365e-09
173,-2.225867289259428e-09
174,-2.225637399997903e-09
175,-2.225466961119338e-09
176,-2.2252370265664786e-09
177,-2.225066740955239e-09
178,-2.2248367565465983e-09
179,-2.224666621363326e-09
180,-2.224436586781832e-09
181,-2.224266604865076e-09
182,-2.2240365197224775e-09
183,-2.223866689094313e-09
184,-2.223636554044166e-09
185,-2.2234668785396533e-09
186,-2.223236690005732e-09
187,-2.223067172338316e-09
188,-2.222836927740907e-09
189,-2.2226675623068273e-09
190,-2.22243726841013e-09
191,-2.2222680625818475e-09
192,-2.222037709131714e-09
193,-2.2218686599887157e-09
194,-2.221638247774591e-09
195,-2.22146936297837e-09
196,-2.2212388953564696e-09
197,-2.221070165916851e-09
198,-2.220839637917559e-09
199,-2.2206710717203578e-09
200,-2.2204404858975057e-09
201,-2.2202720833741123e-09
202,-2.220041432885848e-09
203,-2.219873195317492e-09
204,-2.2196424825235215e-09
205,-2.2194744091293866e-09
206,-2.2192436315621568e-09
207,-2.2190757251268672e-09
208,-2.218844881541817e-09
209,-2.218677140093919e-09
210,-2.2184462296498374e-09
211,-2.218278662208624e-09
212,-2.2180476829064213e-09
213,-2.217880284192889e-09
214,-2.2176492360549432e-09
215,-2.217482007299363e-09
216,-2.2172508941535894e-09
217,-2.217083841183101e-09
218,-2.2168526460041405e-09
219,-2.2166857690495373e-09
220,-2.216454504912832e-09
221,-2.21628780265406e-09
222,-2.2160564615745737e-09
223,-2.215889936953715e-09
224,-2.215658516364676e-09
225,-2.2154921779448284e-09
226,-2.215260676599518e-09
227,-2.2150945135053318e-09
228,-2.214862936226694e-09
229,-2.2146969558953382e-09
230,-2.2144652976965008e-09
231,-2.214299503130452e-09
232,-2.2140677607501047e-09
233,-2.213902145297324e-09
234,-2.213670322031288e-09
235,-2.2135048931116896e-09
236,-2.2132729804745173e-09
237,-2.2131077456978263e-09
238,-2.2128757423306384e-09
239,-2.212710699281069e-09
240,-2.2124786040493086e-09
241,-2.2123137526146995e-09
242,-2.2120815730159305e-09
243,-2.211916907290548e-09
244,-2.211684632609035e-09
245,-2.211520168822019e-09
246,-2.211287798652019e-09
247,-2.211123532331537e-09
248,-2.2108910618117524e-09
249,-2.21072699305079e-09
250,-2.2104944260807537e-09
251,-2.2103305600754068e-09
252,-2.210097893195368e-09
253,-2.209934228964224e-09
254,-2.209701460090568e-09
255,-2.209537995101365e-09
256,-2.2093051214861345e-09
257,-2.209141869672781e-09
258,-2.2089088823085465e-09
259,-2.2087458433431856e-09
260,-2.2085127486662907e-09
261,-2.208349916405924e-09
262,-2.208116717625913e-09
263,-2.2079540972299687e-09
264,-2.20772078699595e-09
265,-2.2075583795342766e-09
266,-2.2073249499172957e-09
267,-2.207162761998793e-09
268,-2.206929214111837e-09
269,-2.2067672448521545e-09
270,-2.206533576421797e-09
271,-2.2063718349577825e-09
272,-2.206138043913349e-09
273,-2.205976521928875e-09
274,-2.2057426043343332e-09
275,-2.2055813106261228e-09
276,-2.2053472706824063e-09
277,-2.205186202789108e-09
278,-2.2049520346102995e-09
279,-2.204791200843322e-09
280,-2.2045568964659564e-09
281,-2.204396295088954e-09
282,-2.2041618575284492e-09
283,-2.2040014965739096e-09
284,-2.203766918690756e-09
285,-2.2036067956997546e-09
286,-2.203372076864122e-09
287,-2.203212194847763e-09
288,-2.202977339502972e-09
289,-2.2028177028355538e-09
290,-2.2025826946146548e-09
291,-2.2024233035981506e-09
292,-2.2021881504214705e-09
293,-2.2020290151245303e-09
294,-2.2017937055947362e-09
295,-2.2016348178036886e-09
296,-2.201399359836793e-09
297,-2.2012407295944047e-09
298,-2.2010051120454385e-09
299,-2.200846740602742e-09
300,-2.2006109613680873e-09
301,-2.200452853759997e-09
302,-2.2002169147971886e-09
303,-2.2000590721657095e-09
304,-2.199822959736533e-09
305,-2.1996653903304376e-09
306,-2.199429107480508e-09
307,-2.1992718050575793e-09
308,-2.1990353560792308e-09
309,-2.1988783306520375e-09
310,-2.1986416986433964e-09
311,-2.1984849506347014e-09
312,-2.198248137597419e-09
313,-2.198091679534798e-09
314,-2.1978546777901266e-09
315,-2.19769850793939e-09
316,-2.1974613175045848e-09
317,-2.197305440498865e-09
318,-2.1970680579055474e-09
319,-2.1969124690254345e-09
320,-2.196674892142537e-09
321,-2.196519603009686e-09
322,-2.1962818231188093e-09
323,-2.1961268398352367e-09
324,-2.195888858832409e-09
325,-2.1957341763745073e-09
326,-2.195495985267262e-09
327,-2.195341618843832e-09
328,-2.195103212168678e-09
329,-2.1949491623685007e-09
330,-2.1947105376125893e-09
331,-2.1945568062043643e-09
332,-2.1943179592392903e-09
333,-2.1941645547559188e-09
334,-2.193925479162593e-09
335,-2.193772403976722e-09
336,-2.193533093430963e-09
337,-2.1933803551609455e-09
338,-2.1931408084893716e-09
339,-2.192988406099871e-09
340,-2.192748618168937e-09
341,-2.192596560141087e-09
342,-2.1923565267490504e-09
343,-2.1922048156625663e-09
344,-2.1919645294110835e-09
345,-2.191813179370271e-09
346,-2.1915726302424583e-09
347,-2.191421638523088e-09
348,-2.1911808247157333e-09
349,-2.191030201677645e-09
350,-2.190789118298782e-09
351,-2.1906388628872252e-09
352,-2.1903975074736155e-09
353,-2.190247628950541e-09
354,-2.190005989587183e-09
355,-2.189856500497422e-09
356,-2.1896145706530667e-09
357,-2.1894654732484766e-09
358,-2.1892232478327175e-09
359,-2.1890745446153623e-09
360,-2.1888320184515155e-09
361,-2.188683725538138e-09
362,-2.1884408889285484e-09
363,-2.188293001918968e-09
364,-2.1880498521286207e-09
365,-2.187902389352612e-09
366,-2.1876589129221294e-09
367,-2.1875118792274416e-09
368,-2.1872680686269045e-09
369,-2.1871214668876754e-09
370,-2.1868773213880346e-09
371,-2.1867311596723423e-09
372,-2.1864866678525384e-09
373,-2.18634095646522e-09
374,-2.186096106729481e-09
375,-2.185950857343958e-09
376,-2.185705645568192e-09
377,-2.1855608635164496e-09
378,-2.185315275119663e-09
379,-2.18517097287751e-09
380,-2.184925003131665e-09
381,-2.1847811847024038e-09
382,-2.184534825186761e-09
383,-2.1843915022783245e-09
384,-2.184144745210602e-09
385,-2.1840019243283576e-09
386,-2.183754755334629e-09
387,-2.183612451638711e-09
388,-2.1833648596678352e-09
389,-2.1832230822692078e-09
390,-2.182975060110495e-09
391,-2.18283382372496e-09
392,-2.1825853514923945e-09
393,-2.182444661402328e-09
394,-2.182195735424777e-09
395,-2.1820556065045174e-09
396,-2.181806214556379e-09
397,-2.1816666553819664e-09
398,-2.181416783003037e-09
399,-2.1812778095359133e-09
400,-2.181027443646438e-09
401,-2.180889074194809e-09
402,-2.180638198022331e-09
403,-2.1805004359424148e-09
404,-2.1802490444569224e-09
405,-2.180111909040494e-09
406,-2.179859982954526e-09
407,-2.1797234847080968e-09
408,-2.1794710083513987e-09
409,-2.1793351693319576e-09
410,-2.1790821272952667e-09
411,-2.178946957759118e-09
412,-2.178693334734548e-09
413,-2.1785588535938446e-09
414,-2.1783046302809924e-09
415,-2.1781708536352214e-09
416,-2.1779160193528618e-09
417,-2.177782962231663e-09
418,-2.1775274916830663e-09
419,-2.1773951821958336e-09
420,-2.1771390558476457e-09
421,-2.1770074999820776e-09
422,-2.176750706816589e-09
423,-2.1766199355767088e-09
424,-2.17636244649772e-09
425,-2.176232474743846e-09
426,-2.175974270246043e-09
427,-2.175845120701661e-09
428,-2.17558618248223e-09
429,-2.17545787893744e-09
430,-2.1751981809878574e-09
431,-2.1750707485236926e-09
432,-2.174810265547229e-09
433,-2.174683729512186e-09
434,-2.1744224367297805e-09
435,-2.1742968185208196e-09
436,-2.1740346920507034e-09
437,-2.173910021485525e-09
438,-2.1736470315272534e-09
439,-2.1735233336264974e-09
440,-2.1732594512251507e-09
441,-2.1731367633083947e-09
442,-2.172871951634023e-09
443,-2.1727503070153863e-09
444,-2.1724845453138003e-09
445,-2.1723639666412756e-09
446,-2.1720972089543057e-09
447,-2.171977735710893e-09
448,-2.1717099558876575e-09
449,-2.171591628416982e-09
450,-2.171322781989764e-09
451,-2.171205633077491e-09
452,-2.17093568767476e-09
453,-2.170819763669467e-09
454,-2.170548668145585e-09
455,-2.1704340064919537e-09
456,-2.170161726439227e-09
457,-2.1700483742968488e-09
458,-2.169774858153347e-09
459,-2.1696628640989315e-09
460,-2.169388062086524e-09
461,-2.169277476484893e-09
462,-2.169001336420447e-09
463,-2.1688922146987875e-09
464,-2.1686146837628704e-09
465,-2.1685070797932084e-09
466,-2.168228100145004e-09
467,-2.16812207119872e-09
468,-2.167841578371256e-09
469,-2.167737191572687e-09
470,-2.1674551245846254e-09
471,-2.1673524468510404e-09
472,-2.1670687309855745e-09
473,-2.166967835446264e-09
474,-2.166682392343496e-09
475,-2.1665833632468355e-09
476,-2.1662961178103354e-09
477,-2.1661990261329772e-09
478,-2.165909898130613e-09
479,-2.1658148333666398e-09
480,-2.1655237237813877e-09
481,-2.1654307889123005e-09
482,-2.165137594124201e-09
483,-2.1650468886458678e-09
484,-2.1647515155436304e-09
485,-2.1646631467514558e-09
486,-2.1643654725096237e-09
487,-2.1642795594328296e-09
488,-2.1639794621059823e-09
489,-2.1638961316164667e-09
490,-2.1635934874559717e-09
491,-2.16351287989364e-09
492,-2.1632075303894316e-09
493,-2.1631297905720196e-09
494,-2.1628215946508296e-09
495,-2.1627468869208005e-09
496,-2.1624356703009326e-09
497,-2.1623641658684836e-09
498,-2.162049746158103e-09
499,-2.161981645084817e-09
500,-2.1616638169421228e-09
501,-2.1615993297119734e-09
502,-2.1612778713333097e-09
503,-2.1612172277565575e-09
504,-2.1608918991335967e-09
505,-2.1608353563962638e-09
506,-2.1605058885573988e-09
507,-2.160453719454018e-09
508,-2.160119823953875e-09
509,-2.1600723450297793e-09
510,-2.159733682390315e-09
511,-2.1596912459361092e-09
512,-2.1593474567574063e-09
513,-2.159310437875617e-09
514,-2.158961110335203e-09
515,-2.158929952978254e-09
516,-2.158574631148309e-09
517,-2.1585498146771442e-09
518,-2.158187974780776e-09
519,-2.1581700586482682e-09
520,-2.157801120452531e-09
521,-2.1577907246399317e-09
522,-2.1574140062288627e-09
523,-2.1574118579394926e-09
524,-2.157026593444256e-09
525,-2.1570335177078212e-09
526,-2.1566388179121418e-09
527,-2.1566557696888054e-09
528,-2.1562506009814346e-09
529,-2.156278700022468e-09
530,-2.1558618502310673e-09
531,-2.1559024201455606e-09
532,-2.155472442179871e-09
533,-2.155527052003504e-09
534,-2.1550822349759167e-09
535,-2.1551527707407755e-09
536,-2.1546910328003463e-09
537,-2.1547797937090824e-09
538,-2.154298585655988e-09
539,-2.154408404038531e-09
540,-2.1539045702869627e-09
541,-2.154038995588501e-09
542,-2.1535085255197443e-09
543,-2.1536720806436444e-09
544,-2.1531098259418764e-09
545,-2.1533084288733466e-09
546,-2.1527075733641657e-09
547,-2.1529491257764867e-09
548,-2.1523004242386603e-09
549,-2.1525958315328956e-09
550,-2.1518862820859697e-09
551,-2.152251223885933e-09
552,-2.1514617157912767e-09
553,-2.1519198093288777e-09
554,-2.151020652715937e-09
555,-2.1516099176985484e-09
556,-2.1505513476540614e-09
557,-2.1513387070107016e-09
558,-2.1500277517385686e-09
559,-2.151147679500628e-09
560,-2.1493794390128533e-09
561,-2.1511666158022623e-09
562,-2.148338228512433e-09
563,-2.1520536132902846e-09
564,-2.1447391330757237e-09
565,-2.1677477033128114e-09
566,-2.4913421126826384e-09
567,-2.751929599218888e-09
568,-3.0494944788378308e-09
569,-3.4068955497465e-09
570,-3.8544874528003695e-09
571,-4.414265590126962e-09
572,-5.123198772280946e-09
573,-6.017567278949723e-09
574,-7.150637793651758e-09
575,-8.581448180496891e-09
576,-1.0390115607858806e-08
577,-1.2670375326802833e-08
578,-1.5544196288629183e-08
579,-1.9157893762179136e-08
580,-2.369739057100313e-08
581,-2.938825434443408e-08
582,-3.651298346515071e-08
583,-4.54158293840819e-08
584,-5.652375478056602e-08
585,-7.035747131265835e-08
586,-8.755818761009564e-08
587,-1.0890699266297455e-07
588,-1.353602009160024e-07
589,-1.6808010540479656e-07
590,-2.0848267688238468e-07
591,-2.582838651255705e-07
592,-3.195646752291419e-07
593,-3.9483868259641955e-07
594,-4.871411601084673e-07
595,-6.001253709862298e-07
596,-7.38184532637829e-07
597,-9.06586845160581e-07
598,-1.1116417326734446e-06
599,-1.3608865369824418e-06
600,-1.663311754123638e-06
601,-2.0296159488657975e-06
602,-2.4725086704042803e-06
603,-3.0070544809523742e-06
604,-3.6510769314146175e-06
605,-4.4256176697617436e-06
606,-5.3554702829724194e-06
607,-6.469786225933552e-06
608,-7.802773421296108e-06
609,-9.394487115061456e-06
610,-1.1291734706738989e-05
611,-1.3549096370208709e-05
612,-1.6230084371066034e-05
613,-1.940844502156777e-05
614,-2.3169627274531144e-05
615,-2.761242375829196e-05
616,-3.285080906122222e-05
617,-3.901598244801084e-05
618,-4.625864007673299e-05
619,-5.475148451567031e-05
620,-6.469199601855663e-05
621,-7.630547286024907e-05
622,-8.984836332033009e-05
623,-0.00010561189459087203
624,-0.00012392601761468204
625,-0.00014516366910799952
626,-0.00016974536399076137
627,-0.00019814411296059423
628,-0.00023089066994191627
629,-0.000268579094637282
630,-0.0003118726232321735
631,-0.0003615098195366586
632,-0.00041831098434920834
633,-0.00048318477862059763
634,-0.0005571350191072781
635,-0.0006412675814912199
636,-0.0007367973467230875
637,-0.0008450551012175688
638,-0.0009674943002115369
639,-0.0011056975773438278
640,-0.001261382880554443
641,-0.0014364090875649523
642,-0.00163278095031728
643,-0.0018526531911525574
644,-0.002098333569717931
645,-0.0023722847143665296
646,-0.002677124509434685
647,-0.003015624807370046
648,-0.00339070823533176
649,-0.003805442848001519
650,-0.004263034383881946
651,-0.004766815870929386
652,-0.005320234339814409
653,-0.0059268344001505375
654,-0.0065902384564292165
655,-0.007314123347890233
656,-0.008102193228796871
657,-0.008958148525233278
658,-0.009885650849148735
659,-0.010888283783407079
660,-0.01196950950948702
661,-0.013132621296390297
662,-0.014380691940530137
663,-0.015716518306665563
664,-0.01714256220343149
665,-0.018660887898980228
666,-0.020273096675636496
667,-0.021980258903015425
668,-0.02378284420853907
669,-0.025680650408863647
670,-0.027672731966055256
671,-0.02975732881498436
672,-0.03193179650296608
673,-0.034192538656154986
674,-0.036534942868300446
675,-0.03895332116370561
676,-0.041440856245527895
677,-0.04398955477108289
678,-0.04659020892489786
679,-0.04923236755688488
680,-0.05190431814412901
681,-0.054593080790376385
682,-0.057284415424190535
683,-0.05996284326605411
684,-0.0626116835333499
685,-0.06521310621264127
686,-0.06774820157820002
687,-0.07019706694827298
688,-0.07253891097379646
689,-0.07475217552370682
690,-0.07681467499484615
691,-0.0787037526098539
692,-0.08039645300208464
693,-0.08186971010112278
694,-0.08310054905502033
695,-0.08406630063589265
696,-0.08474482630332923
697,-0.08511475182616587
698,-0.08515570711679084
699,-0.08484856969491733
700,-0.08417570899845725
701,-0.08312122857957187
702,-0.08167120309206093
703,-0.07981390687351868
704,-0.0775400308786847
705,-0.07484288470995934
706,-0.07171858054192722
707,-0.06816619582860312
708,-0.06418791183767077
709,-0.05978912525343864
710,-0.054978530349942045
711,-0.04976816953417027
712,-0.04417345041472966
713,-0.038213127938330274
714,-0.03190925057093487
715,-0.02528706995572452
716,-0.018374913969818545
717,-0.011204023598302235
718,-0.0038083545595827507
719,0.0037756548778444536
720,0.011509347939463713
721,0.01935214282086089
722,0.027261852702048655
723,0.03519502898460786
724,0.043107324047175384
725,0.05095386948438622
726,0.05868966551046813
727,0.06626997699549936
728,0.07365073144606588
729,0.08078891416440342
730,0.08764295580517839
731,0.09417310761572405
732,0.10034179977557138
733,0.10611397846041558
734,0.11145741752365208
735,0.11634300102838427
736,0.12074497325160231
737,0.1246411532306418
738,0.12801311140557392
739,0.1308463064384482
740,0.13313018083568906
741,0.1348582145707128
742,0.13602793647393058
743,0.1366408937334458
744,0.1367025804062127
745,0.13622232638310908
746,0.13521314875762513
747,0.13369156802450655
748,0.1316773919587654
749,0.12919347040632415
750,0.12626542453445405
751,0.122921354354395
752,0.11919152852190804
753,0.11510806055747211
754,0.1107045756908626
755,0.1060158725405898
756,0.10107758377416616
757,0.09592583977807315
758,0.09059693918592542
759,0.08512702988900271
760,0.07955180387619143
761,0.07390620894093929
762,0.0682241799435308
763,0.06253839194892574
764,0.056880037166734274
765,0.05127862722171732
766,0.045761821873793476
767,0.0403552849064322
768,0.035082567504400385
769,0.029965019065602703
770,0.025021725029242065
771,0.020269470971829125
772,0.01572273191455222
773,0.011393685516650421
774,0.007292247589252234
775,0.0034261281673901413
776,-0.0001990937872380151
777,-0.0035798791006578312
778,-0.006714622654928628
779,-0.009603535392884567
780,-0.012248516258560188
781,-0.014653016250029268
782,-0.016821896714521653
783,-0.01876128393517088
784,-0.020478421959983666
785,-0.02198152549794228
786,-0.023279634570097112
787,-0.024382472446728674
788,-0.025300308240545737
789,-0.026043825352118407
790,-0.026623996792302033
791,-0.027051968228760784
792,-0.02733894943422258
793,-0.027496114643882966
794,-0.027534512172059485
795,-0.02746498348439599
796,-0.027298091784457894
797,-0.027044060042549382
798,-0.02671271828204501
799,-0.0263134598340731
800,-0.02585520618628815
801,-0.025346379974906005
802,-0.02479488561175987
803,-0.024208096988717356
804,-0.023592851670441443
805,-0.02295545096181794
806,-0.02230166522804491
807,-0.021636743841930806
808,-0.02096542914370901
809,-0.020291973812214734
810,-0.019620161071724873
811,-0.018953327184819988
812,-0.018294385717332325
813,-0.017645853095680158
814,-0.017009875018673744
815,-0.01638825332435358
816,-0.015782472956626624
817,-0.015193728715833391
818,-0.014622951520998186
819,-0.014070833949121966
820,-0.013537854857622648
821,-0.013024302929946132
822,-0.012530299020666939
823,-0.01205581720538759
824,-0.011600704471671221
825,-0.011164699010677319
826,-0.010747447094367408
827,-0.010348518540909244
828,-0.009967420790468532
829,-0.009603611625937451
830,-0.009256510587497506
831,-0.008925509137418876
832,-0.008609979641277594
833,-0.008309283235133389
834,-0.008022776654182752
835,-0.007749818098407039
836,-0.007489772213695916
837,-0.007242014264364578
838,-0.007005933573700047
839,-0.006780936304778315
840,-0.006566447652963312
841,-0.0063619135159205765
842,-0.006166801705196383
843,-0.005980602757190149
844,-0.005802830399099186
845,-0.005633021718974054
846,-0.00547073708667916
847,-0.005315559866212781
848,-0.005167095957669184
849,-0.005024973201105026
850,-0.004888840672748734
851,-0.004758367898426045
852,-0.004633244007700004
853,-0.00451317684718053
854,-0.004397892070573389
855,-0.004287132218533679
856,-0.004180655800990213
857,-0.0040782363906210544
858,-0.003979661736214873
859,-0.0038847329011415786
860,-0.0037932634326122905
861,-0.0037050785643150523
862,-0.003620014455811271
863,-0.0035379174693394052
864,-0.0034586434857511368
865,-0.0033820572588595427
866,-0.003308031808778233
867,-0.003236447852620296
868,-0.0031671932723916787
869,-0.0031001626178884314
870,-0.003035256643992805
871,-0.0029723818798795074
872,-0.0029114502293099863
873,-0.0028523785994147787
874,-0.0027950885570807746
875,-0.002739506010359628
876,-0.002685560914056391
877,-0.002633186997012855
878,-0.00258232151035022
879,-0.0025329049943313923
880,-0.002484881063247482
881,-0.002438196206157418
882,-0.0023927996030390563
883,-0.0023486429543551138
884,-0.0023056803237462595
885,-0.002263867992023955
886,-0.0022231643223205914
887,-0.002183529634727269
888,-0.002144926090408306
889,-0.002107317583665413
890,-0.0020706696420565865
891,-0.00203494933316872
892,-0.0020001251782487493
893,-0.0019661670714022036
894,-0.0019330462046481703
895,-0.0019007349976343003
896,-0.001869207032370701
897,-0.0018384369918674037
898,-0.0018084006030915606
899,-0.0017790745831979442
900,-0.0017504365894953047
901,-0.0017224651721608139
902,-0.0016951397302020497
903,-0.0016684404697287223
904,-0.0016423483650626874
905,-0.001616845121791055
906,-0.001591913142313625
907,-0.0015675354930258234
908,-0.0015436958737058252
909,-0.0015203785882784136
910,-0.0014975685175371573
911,-0.001475251093024967
912,-0.0014534122726638213
913,-0.0014320385173576978
914,-0.0014111167691660967
915,-0.0013906344302932745
916,-0.0013705793434947405
917,-0.001350939773165024
918,-0.001331704387710587
919,-0.001312862242488781
920,-0.0012944027639175185
921,-0.0012763157340520384
922,-0.0012585912762328676
923,-0.0012412198411154535
924,-0.0012241921936842037
925,-0.0012074994005743577
926,-0.0011911328183020688
927,-0.0011750840817383945
928,-0.001159345093424466
929,-0.0011439080130749306
930,-0.0011287652478634488
931,-0.001113909442848005
932,-0.0010993334721258845
933,-0.001085030430086173
934,-0.0010709936233453292
935,-0.0010572165627433941
936,-0.0010436929559816328
937,-0.0010304167002885742
938,-0.0010173818756902793
939,-0.0010045827382806865
940,-0.0009920137140628487
941,-0.0009796693927654138
942,-0.0009675445221999755
943,-0.0009556340025719007
944,-0.000943932881304964
945,-0.0009324363478003289
946,-0.0009211397286847668
947,-0.0009100384829765596
948,-0.0008991281977183234
949,-0.0008884045835128378
950,-0.0008778634705055077
951,-0.0008675008042569796
952,-0.0008573126420439129
953,-0.0008472951490385749
954,-0.0008374445948997154
955,-0.0008277573502324226
956,-0.0008182298834436712
957,-0.0008088587574582693
958,-0.0007996406268162773
959,-0.0007905722346232702
960,-0.000781650409868892
961,-0.0007728720645918244
962,-0.0007642341914007878
963,-0.0007557338608364196
964,-0.0007473682190778138
965,-0.0007391344854851443
966,-0.0007310299504764972
967,-0.0007230519732365686
968,-0.000715197979749865
969,-0.0007074654606622178
970,-0.0006998519694577065
971,-0.0006923551204609422
972,-0.0006849725871461689
973,-0.0006777021002693385
974,-0.0006705414462989575
975,-0.0006634884656678718
976,-0.0006565410513163606
977,-0.0006496971470545056
978,-0.0006429547462087704
979,-0.000636311890086621
980,-0.0006297666667186459
981,-0.0006233172094178193
982,-0.0006169616956098404
983,-0.0006106983454800543
984,-0.0006045254208854174
985,-0.0005984412240825975
986,-0.0005924440967154723
987,-0.0005865324186185998
988,-0.0005807046068746239
989,-0.0005749591146876999
990,-0.000569294430505692
991,-0.0005637090769586223
992,-0.0005582016100409349
993,-0.0005527706181104145
994,-0.0005474147211261582
995,-0.0005421325697038093
996,-0.000536922844405243
997,-0.0005317842548462399
998,-0.0005267155390342285
999,-0.0005217154625248273
1000,-0.000516782817804258
1001,-0.0005119164234914982
1002,-0.0005071151237622228
1003,-0.000502377787593525
1004,-0.0004977033082265407
1005,-0.0004930906024509167
1006,-0.0004885386101034178
1007,-0.0004840462933896246
1008,-0.0004796126364160419
1009,-0.00047523664454656724
1010,-0.00047091734396589836
1011,-0.00046665378106855183
1012,-0.0004624450220513915
1013,-0.0004582901523332061
1014,-0.0004541882761743966
1015,-0.00045013851612518306
1016,-0.0004461400126706445
1017,-0.00044219192370582855
1018,-0.00043829342420439673
1019,-0.00043444370571900837
1020,-0.00043064197607209104
1021,-0.00042688745887987445
1022,-0.00042317939326387473
1023,-0.0004195170333971715
1024,-0.0004158996482352321
1025,-0.00041232652108313744
1026,-0.0004087969493444921
1027,-0.0004053102441083698
1028,-0.0004018657299150956
1029,-0.00039846274436182644
1030,-0.00039510063788412666
1031,-0.00039177877337907217
1032,-0.00038849652600162084
1033,-0.00038525328280425544
1034,-0.00038204844254722
1035,-0.00037888141535374073
1036,-0.00037575162253325413
1037,-0.0003726584962513778
1038,-0.0003696014793652848
1039,-0.0003665800251075648
1040,-0.00036359359693307795
1041,-0.00036064166821590837
1042,-0.0003577237221068942
1043,-0.00035483925124311526
1044,-0.00035198775761536324
1045,-0.00034916875228944066
1046,-0.00034638175528304974
1047,-0.00034362629529822487
1048,-0.00034090190960704844
1049,-0.0003382081437946821
1050,-0.0003355445516533288
1051,-0.0003329106949352991
1052,-0.00033030614325473207
1053,-0.0003277304738502186
1054,-0.00032518327149376583
1055,-0.0003226641282624669
1056,-0.00032017264345430457
1057,-0.0003177084233684233
1058,-0.0003152710812273193
1059,-0.0003128602369653013
1060,-0.00031047551715670293
1061,-0.0003081165548120798
1062,-0.00030578298931210196
1063,-0.0003034744662111368
1064,-0.0003011906371764369
1065,-0.00029893115979877664
1066,-0.00029669569753659915
1067,-0.000294483919533384
1068,-0.0002922955005664293
1069,-0.0002901301208706723
1070,-0.0002879874660918054
1071,-0.0002858672271162095
1072,-0.00028376910002820546
1073,-0.0002816927859457991
1074,-0.00027963799098177
1075,-0.0002776044260850228
1076,-0.0002755918070052711
1077,-0.00027359985413970283
1078,-0.0002716282925010743
1079,-0.0002696768515694481
1080,-0.0002677452652634555
1081,-0.0002658332717969607
1082,-0.00026394061365324264
1083,-0.00026206703744633254
1084,-0.0002602122938980091
1085,-0.00025837613770357743
1086,-0.00025655832751150993
1087,-0.00025475862579347217
1088,-0.0002529767988264299
1089,-0.00025121261656678613
1090,-0.0002494658526347408
1091,-0.0002477362841924298
1092,-0.0002460236919303748
1093,-0.00024432785994942647
1094,-0.0002426485757492116
1095,-0.00024098563011371008
1096,-0.00023933881710158227
1097,-0.00023770793393520872
1098,-0.00023609278099280447
1099,-0.00023449316170079555
1100,-0.00023290888252754574
1101,-0.000231339752879006
1102,-0.00022978558509391785
1103,-0.00022824619434260213
1104,-0.00022672139862356023
1105,-0.00022521101866527664
1106,-0.0002237148779241044
1107,-0.00022223280248897807
1108,-0.0002207646210805287
1109,-0.00021931016495857313
1110,-0.000217869267922341
1111,-0.00021644176622067312
1112,-0.00021502749855330933
1113,-0.000213626305983649
1114,-0.0002122380319410253
1115,-0.00021086252213599294
1116,-0.00020949962456346218
1117,-0.00020814918942042143
1118,-0.00020681106910990044
1119,-0.00020548511816103186
1120,-0.0002041711932337737
1121,-0.00020286915304125046
1122,-0.00020157885835514114
1123,-0.00020030017193021804
1124,-0.00019903295851039
1125,-0.00019777708475536465
1126,-0.00019653241924725065
1127,-0.00019529883241928308
1128,-0.00019407619656295323
1129,-0.00019286438575874206
1130,-0.00019166327588369218
1131,-0.00019047274454411594
1132,-0.00018929267108355993
1133,-0.00018812293651739912
1134,-0.00018696342354120258
1135,-0.00018581401646711683
1136,-0.0001846746012325869
1137,-0.0001835450653385318
1138,-0.00018242529785830424
1139,-0.0001813151893776491
1140,-0.0001802146320038841
1141,-0.00017912351930753366
1142,-0.00017804174633175487
1143,-0.00017696920953555643
1144,-0.00017590580680345747
1145,-0.00017485143739027497
1146,-0.0001738060019308981
1147,-0.00017276940238668105
1148,-0.0001717415420552897
1149,-0.00017072232551862242
1150,-0.00016971165865275423
1151,-0.00016870944857728384
1152,-0.00016771560366538212
1153,-0.00016673003349455871
1154,-0.00016575264885672892
1155,-0.0001647833617104016
1156,-0.000163822085190726
1157,-0.00016286873356307317
1158,-0.00016192322223304833
1159,-0.0001609854677013876
1160,-0.0001600553875739855
1161,-0.0001591329005180499
1162,-0.0001582179262720457
1163,-0.0001573103856031936
1164,-0.00015641020031728135
1165,-0.0001555172932174052
1166,-0.00015463158811370218
1167,-0.0001537530097832929
1168,-0.00015288148397990412
1169,-0.00015201693739500528
1170,-0.00015115929766727242
1171,-0.00015030849334490777
1172,-0.00014946445389494925
1173,-0.0001486271096667292
1174,-0.00014779639190102154
1175,-0.00014697223269459129
1176,-0.00014615456500919537
1177,-0.0001453433226372125
1178,-0.00014453844021042567
1179,-0.0001437398531667693
1180,-0.00014294749775885948
1181,-0.0001421613110218008
1182,-0.0001413812307815361
1183,-0.00014060719562363614
1184,-0.000139839144901418
1185,-0.00013907701870577777
1186,-0.00013832075787305163
1187,-0.00013757030395582207
1188,-0.0001368255992305609
1189,-0.00013608658666937345
1190,-0.0001353532099473968
1191,-0.00013462541341550678
1192,-0.00013390314210741684
1193,-0.00013318634171336825
1194,-0.00013247495858689562
1195,-0.00013176893971947445
1196,-0.00013106823274700662
1197,-0.00013037278592532972
1198,-0.00012968254813643823
1199,-0.00012899746886489737
1200,-0.00012831749820372973
1201,-0.00012764258683171432
1202,-0.00012697268601897756
1203,-0.00012630774760512585
1204,-0.00012564772400454826
1205,-0.0001249925681853979
1206,-0.00012434223367454404
1207,-0.0001236966745373996
1208,-0.00012305584538255411
1209,-0.00012241970134243372
1210,-0.00012178819807756144
1211,-0.00012116129175806609
1212,-0.0001205389390675836
1213,-0.00011992109718554147
1214,-0.00011930772379078233
1215,-0.00011869877704457954
1216,-0.00011809421559389911
1217,-0.00011749399855524871
1218,-0.0001168980855175454
1219,-0.00011630643652673457
1220,-0.00011571901208829397
1221,-0.00011513577315262713
1222,-0.00011455668111720802
1223,-0.00011398169781268137
1224,-0.0001134107855046607
1225,-0.00011284390688059553
1226,-0.00011228102505115617
1227,-0.00011172210353783388
1228,-0.00011116710627399144
1229,-0.00011061599759310639
1230,-0.00011006874222951479
1231,-0.0001095253053073526
1232,-0.00010898565234087626
1233,-0.00010844974922413814
1234,-0.00010791756223091271
1235,-0.00010738905800508729
1236,-0.00010686420356017307
1237,-0.00010634296627038572
1238,-0.00010582531386978956
1239,-0.00010531121444402162
1240,-0.00010480063642907166
1241,-0.00010429354860367127
1242,-0.00010378992008767079
1243,-0.00010328972033508578
1244,-0.00010279291913210907
1245,-0.0001022994865907892
1246,-0.00010180939314662523
1247,-0.00010132260955293724
1248,-0.00010083910687805602
1249,-0.00010035885650028696
1250,-9.988183010475249e-05
1251,-9.9407999678974e-05
1252,-9.893733750930873e-05
1253,-9.846981617715397e-05
1254,-9.800540855500333e-05
1255,-9.754408780324743e-05
1256,-9.708582736583826e-05
1257,-9.663060096772207e-05
1258,-9.617838261006521e-05
1259,-9.572914656830761e-05
1260,-9.52828673870166e-05
1261,-9.483951987850119e-05
1262,-9.43990791172716e-05
1263,-9.396152043926715e-05
1264,-9.352681943588628e-05
1265,-9.309495195382877e-05
1266,-9.266589408870342e-05
1267,-9.223962218546178e-05
1268,-9.18161128316101e-05
1269,-9.139534285818436e-05
1270,-9.097728933261451e-05
1271,-9.056192956022398e-05
1272,-9.014924107671199e-05
1273,-8.973920165021977e-05
1274,-8.933178927340887e-05
1275,-8.892698216606885e-05
1276,-8.852475876681893e-05
1277,-8.812509773627037e-05
1278,-8.772797794829356e-05
1279,-8.733337849376641e-05
1280,-8.694127867143113e-05
1281,-8.655165799216648e-05
1282,-8.61644961694727e-05
1283,-8.5779773124263e-05
1284,-8.539746897496014e-05
1285,-8.501756404281377e-05
1286,-8.464003884159294e-05
1287,-8.42648740834618e-05
1288,-8.389205066822683e-05
1289,-8.352154968977952e-05
1290,-8.315335242493615e-05
1291,-8.278744034036468e-05
1292,-8.242379508107177e-05
1293,-8.206239847783618e-05
1294,-8.170323253529023e-05
1295,-8.134627943985766e-05
1296,-8.099152154745366e-05
1297,-8.063894139191684e-05
1298,-8.028852167232991e-05
1299,-7.994024526194713e-05
1300,-7.959409519511462e-05
1301,-7.925005467670337e-05
1302,-7.890810706862573e-05
1303,-7.856823589978435e-05
1304,-7.823042485218364e-05
1305,-7.789465777136178e-05
1306,-7.756091865211775e-05
1307,-7.72291916494359e-05
1308,-7.68994610638114e-05
1309,-7.657171135267198e-05
1310,-7.624592711529778e-05
1311,-7.592209310472534e-05
1312,-7.560019421229977e-05
1313,-7.528021548002462e-05
1314,-7.496214208474338e-05
1315,-7.464595935094816e-05
1316,-7.433165273460246e-05
1317,-7.401920783639777e-05
1318,-7.370861038517196e-05
1319,-7.339984625167249e-05
1320,-7.309290143155849e-05
1321,-7.278776205963948e-05
1322,-7.248441439250407e-05
1323,-7.21828448231883e-05
1324,-7.188303986344676e-05
1325,-7.158498615885272e-05
1326,-7.128867047071589e-05
1327,-7.09940796916284e-05
1328,-7.070120082698845e-05
1329,-7.041002101098462e-05
1330,-7.012052748776932e-05
1331,-6.98327076278872e-05
1332,-6.954654890904405e-05
1333,-6.9262038933022e-05
1334,-6.897916540601224e-05
1335,-6.8697916155989e-05
1336,-6.841827911272247e-05
1337,-6.814024232553259e-05
1338,-6.78637939429192e-05
1339,-6.758892223078285e-05
1340,-6.731561555167788e-05
1341,-6.704386238344812e-05
1342,-6.67736512981245e-05
1343,-6.650497098095833e-05
1344,-6.623781020898917e-05
1345,-6.59721578704763e-05
1346,-6.570800294310328e-05
1347,-6.544533451385281e-05
1348,-6.518414175678173e-05
1349,-6.492441395338659e-05
1350,-6.466614046998553e-05
1351,-6.44093107784859e-05
1352,-6.415391443341463e-05
1353,-6.389994109307643e-05
1354,-6.3647380496273e-05
1355,-6.339622248382596e-05
1356,-6.314645697494306e-05
1357,-6.289807398915852e-05
1358,-6.265106362233159e-05
1359,-6.240541606899814e-05
1360,-6.216112159799697e-05
1361,-6.1918170575222e-05
1362,-6.167655343893015e-05
1363,-6.143626072286322e-05
1364,-6.119728303116027e-05
1365,-6.0959611061955515e-05
1366,-6.0723235581892875e-05
1367,-6.048814745009949e-05
1368,-6.025433759240093e-05
1369,-6.0021797025634504e-05
1370,-5.979051683153894e-05
1371,-5.956048818146768e-05
1372,-5.933170230988917e-05
1373,-5.910415053951603e-05
1374,-5.8877824254464763e-05
1375,-5.86527149257489e-05
1376,-5.842881408408823e-05
1377,-5.820611334581438e-05
1378,-5.7984604385292436e-05
1379,-5.776427896122904e-05
1380,-5.754512888877918e-05
1381,-5.73271460661655e-05
1382,-5.711032244648369e-05
1383,-5.689465006468696e-05
1384,-5.66801210090648e-05
1385,-5.6466727448600555e-05
1386,-5.625446160406489e-05
1387,-5.60433157757807e-05
1388,-5.583328231439558e-05
1389,-5.5624353648983756e-05
1390,-5.5416522257479714e-05
1391,-5.5209780695168545e-05
1392,-5.5004121564762966e-05
1393,-5.4799537545277884e-05
1394,-5.4596021361757155e-05
1395,-5.439356581449076e-05
1396,-5.419216374846386e-05
1397,-5.399180808289558e-05
1398,-5.3792491780350596e-05
1399,-5.359420787664599e-05
1400,-5.339694944963938e-05
1401,-5.320070964949228e-05
1402,-5.300548166710479e-05
1403,-5.281125876477155e-05
1404,-5.2618034244244325e-05
1405,-5.242580147777001e-05
1406,-5.223455387583265e-05
1407,-5.204428491850688e-05
1408,-5.185498812291198e-05
1409,-5.1666657074877665e-05
1410,-5.147928539610957e-05
1411,-5.129286677618164e-05
1412,-5.110739493936887e-05
1413,-5.0922863677014094e-05
1414,-5.0739266814007225e-05
1415,-5.055659824152371e-05
1416,-5.037485188315879e-05
1417,-5.019402172800904e-05
1418,-5.0014101796508423e-05
1419,-4.983508617383679e-05
1420,-4.9656968975419616e-05
1421,-4.947974438071789e-05
1422,-4.930340659836015e-05
1423,-4.912794990030034e-05
1424,-4.89533685866263e-05
1425,-4.877965702005037e-05
1426,-4.860680959041446e-05
1427,-4.843482074946701e-05
1428,-4.8263684975148286e-05
1429,-4.809339680660932e-05
1430,-4.7923950808189406e-05
1431,-4.775534160482414e-05
1432,-4.758756384569545e-05
1433,-4.742061223991773e-05
1434,-4.7254481519904873e-05
1435,-4.708916647742414e-05
1436,-4.6924661926597186e-05
1437,-4.6760962740293675e-05
1438,-4.659806381285329e-05
1439,-4.643596009676478e-05
1440,-4.627464656508625e-05
1441,-4.61141182484883e-05
1442,-4.59543701973124e-05
1443,-4.579539751896127e-05
1444,-4.563719533966632e-05
1445,-4.547975884216061e-05
1446,-4.5323083227172285e-05
1447,-4.516716375140747e-05
1448,-4.501199568874268e-05
1449,-4.485757436851574e-05
1450,-4.4703895136415636e-05
1451,-4.455095339310424e-05
1452,-4.439874455479701e-05
1453,-4.4247264092194346e-05
1454,-4.409650749076649e-05
1455,-4.394647028998619e-05
1456,-4.3797148043335634e-05
1457,-4.36485363578421e-05
1458,-4.350063085377955e-05
1459,-4.3353427204510675e-05
1460,-4.320692109591672e-05
1461,-4.306110826652641e-05
1462,-4.2915984466641404e-05
1463,-4.277154549880032e-05
1464,-4.262778717660583e-05
1465,-4.248470536545757e-05
1466,-4.23422959411255e-05
1467,-4.220055483078462e-05
1468,-4.2059477971254574e-05
1469,-4.1919061350402754e-05
1470,-4.17793009650509e-05
1471,-4.164019286265784e-05
1472,-4.150173309899424e-05
1473,-4.1363917780093735e-05
1474,-4.1226743019632964e-05
1475,-4.109020498118862e-05
1476,-4.095429983533945e-05
1477,-4.0819023802204263e-05
1478,-4.068437310826819e-05
1479,-4.0550344029219185e-05
1480,-4.0416932846473834e-05
1481,-4.028413589031811e-05
1482,-4.015194949616659e-05
1483,-4.002037004795065e-05
1484,-3.988939393413425e-05
1485,-3.97590175913971e-05
1486,-3.962923746033703e-05
1487,-3.950005002945712e-05
1488,-3.9371451790600604e-05
1489,-3.92434392832228e-05
1490,-3.9116009049519044e-05
1491,-3.898915767902069e-05
1492,-3.8862881763426985e-05
1493,-3.8737177941482165e-05
1494,-3.8612042853567465e-05
1495,-3.84874731867918e-05
1496,-3.836346562936393e-05
1497,-3.824001691597447e-05
1498,-3.81171237818429e-05
1499,-3.799478300842536e-05
1500,-3.7872991377176416e-05
